Google,DuckDuckGo,Query,Relevant,MyRanking,Document
1,3,SW1,TRUE,5,https://www.analyticsvidhya.com/blog/2016/11/an-introduction-to-clustering-and-different-methods-of-clustering/
2,1,SW1,TRUE,11,https://en.wikipedia.org/wiki/Cluster_analysis
3,7,SW1,TRUE,3,https://towardsdatascience.com/the-5-clustering-algorithms-data-scientists-need-to-know-a36d136ef68
4,-1,SW1,TRUE,4,https://scikit-learn.org/stable/modules/clustering.html
5,6,SW1,TRUE,8,https://www.geeksforgeeks.org/clustering-in-machine-learning/
6,-1,SW1,TRUE,9,https://developers.google.com/machine-learning/clustering/clustering-algorithms
7,2,SW1,TRUE,10,https://developers.google.com/machine-learning/clustering/overview
8,-1,SW1,TRUE,6,https://machinelearningmastery.com/clustering-algorithms-with-python/
9,-1,SW1,TRUE,7,https://www.datanovia.com/en/blog/types-of-clustering-methods-overview-and-quick-start-r-code/
10,-1,SW1,TRUE,12,https://www.youtube.com/watch?v=4b5d3muPQmA
-1,4,SW1,TRUE,13,https://www.educba.com/types-of-clustering/
-1,5,SW1,FALSE,-1,https://www.thoughtco.com/clustering-discovery-strategy-in-composition-1689857
-1,8,SW1,FALSE,-1,https://www.techopedia.com/definition/17/database-clustering
-1,9,SW1,TRUE,1,https://www-users.cs.umn.edu/~kumar001/dmbook/ch8.pdf
-1,10,SW1,TRUE,2,http://www.stat.columbia.edu/~madigan/W2025/notes/clustering.pdf
1,7,SW2,TRUE,3,https://en.wikipedia.org/wiki/Dynamic_time_warping
2,4,SW2,FALSE,-1,https://en.wikipedia.org/wiki/Detroit_Metropolitan_Airport
3,1,SW2,FALSE,-1,https://www.metroairport.com
4,-1,SW2,TRUE,1,https://towardsdatascience.com/dynamic-time-warping-3933f25fcdd
5,-1,SW2,TRUE,4,https://www.mathworks.com/help/signal/ref/dtw.html
6,-1,SW2,TRUE,5,https://cran.r-project.org/web/packages/dtw/dtw.pdf
7,-1,SW2,TRUE,6,https://cran.r-project.org/web/packages/dtw/index.html
8,-1,SW2,TRUE,7,https://github.com/pierre-rouanet/dtw
9,-1,SW2,FALSE,-1,https://www.detroit-airport.com
10,-1,SW2,TRUE,2,https://www.youtube.com/watch?v=_K1OsqCicBY
-1,2,SW2,FALSE,-1,https://www.detroit-metro-airport.com
-1,3,SW2,FALSE,-1,https://www.kayak.com/Detroit-Detroit-Metropolitan-Wayne-County-Airport.DTW.ap.html
-1,5,SW2,FALSE,-1,https://www.yelp.com/biz/detroit-metropolitan-airport-dtw-detroit
-1,6,SW2,FALSE,-1,https://acronyms.thefreedictionary.com/DTW
-1,8,SW2,FALSE,-1,https://www.delta.com/mea/en
-1,9,SW2,FALSE,-1,https://he.flightaware.com/live/airport/KDTW
-1,10,SW2,FALSE,-1,https://www.airnav.com/airport/KDTW
1,-1,SW3,FALSE,-1,https://en.wikipedia.org/wiki/Visualization_(graphics)
2,-1,SW3,FALSE,-1,https://en.wikipedia.org/wiki/Visualization
3,-1,SW3,FALSE,-1,https://www.jackcanfield.com/blog/visualize-and-affirm-your-desired-outcomes-a-step-by-step-guide/
4,-1,SW3,FALSE,-1,https://www.forbes.com/sites/bhaligill/2017/06/22/new-to-visualization-here-are-5-steps-to-get-you-started/?sh=46266edb6e3f
5,6,SW3,FALSE,-1,https://www.psychologytoday.com/us/blog/living-forward/201806/3-effective-visualization-techniques-change-your-life
6,-1,SW3,FALSE,-1,https://hbr.org/2016/06/visualizations-that-really-work
7,-1,SW3,TRUE,1,https://www.tableau.com/learn/articles/data-visualization
8,-1,SW3,FALSE,-1,https://www.mindtools.com/pages/article/newHTE_81.htm
9,-1,SW3,FALSE,-1,https://www.headspace.com/meditation/visualization
10,1,SW3,FALSE,-1,https://www.merriam-webster.com/dictionary/visualization
-1,2,SW3,FALSE,-1,https://www.forbes.com/sites/lidijaglobokar/2020/03/05/the-power-of-visualization-and-how-to-use-it/?sh=648ac30f6497
-1,3,SW3,FALSE,-1,https://www.dictionary.com/browse/visualization
-1,4,SW3,FALSE,-1,https://www.realsimple.com/health/mind-mood/emotional-health/visualization-techniques
-1,5,SW3,FALSE,-1,https://www.wikihow.com/Visualize
-1,7,SW3,FALSE,-1,https://www.success.com/the-power-of-visualization/
-1,8,SW3,FALSE,-1,https://www.learnmindpower.com/using-mind-power/visualizations/
-1,9,SW3,FALSE,-1,https://www.healthline.com/health/visualization-meditation
-1,10,SW3,FALSE,-1,https://www.psychologytoday.com/us/blog/the-psychology-dress/201111/visualize-it
1,2,SW4,TRUE,13,https://scikit-learn.org/stable/modules/generated/sklearn.cluster.KMeans.html
2,1,SW4,TRUE,14,https://en.wikipedia.org/wiki/K-means_clustering
3,-1,SW4,TRUE,16,https://he.wikipedia.org/wiki/אלגוריתם_k-מרכזים
4,3,SW4,TRUE,2,https://towardsdatascience.com/k-means-clustering-algorithm-applications-evaluation-methods-and-drawbacks-aa03e644b48a
5,-1,SW4,TRUE,1,https://stanford.edu/~cpiech/cs221/handouts/kmeans.html
6,-1,SW4,TRUE,3,https://www.mathworks.com/help/stats/kmeans.html
7,-1,SW4,TRUE,9,https://jakevdp.github.io/PythonDataScienceHandbook/05.11-k-means.html
8,-1,SW4,TRUE,10,https://www.rdocumentation.org/packages/stats/versions/3.6.2/topics/kmeans
9,6,SW4,TRUE,11,https://realpython.com/k-means-clustering-python/
10,-1,SW4,TRUE,12,https://www.youtube.com/watch?v=4b5d3muPQmA
-1,4,SW4,TRUE,6,https://365datascience.com/k-means-clustering/
-1,5,SW4,TRUE,4,https://www.analyticsvidhya.com/blog/2019/08/comprehensive-guide-k-means-clustering/
-1,7,SW4,TRUE,8,https://www.tutorialspoint.com/machine_learning_with_python/machine_learning_with_python_clustering_algorithms_k_means.htm
-1,8,SW4,TRUE,15,https://en.wikipedia.org/wiki/K-means%2B%2B
-1,9,SW4,TRUE,7,https://www.geeksforgeeks.org/k-means-clustering-in-r-programming/
-1,10,SW4,TRUE,5,https://www.geeksforgeeks.org/k-means-clustering-introduction/
1,10,SW5,TRUE,9,https://scikit-learn.org/stable/modules/generated/sklearn.manifold.TSNE.html
2,1,SW5,TRUE,10,https://en.wikipedia.org/wiki/T-distributed_stochastic_neighbor_embedding
3,-1,SW5,TRUE,11,https://he.wikipedia.org/wiki/T-SNE
4,9,SW5,TRUE,3,https://distill.pub/2016/misread-tsne/
5,8,SW5,TRUE,6,https://lvdmaaten.github.io/tsne/
6,7,SW5,TRUE,5,https://towardsdatascience.com/an-introduction-to-t-sne-with-python-example-5a3a293108d1
7,-1,SW5,TRUE,7,https://towardsdatascience.com/t-sne-clearly-explained-d84c537f53a
8,3,SW5,TRUE,8,https://www.datacamp.com/community/tutorials/introduction-t-sne
9,5,SW5,TRUE,1,https://www.jmlr.org/papers/volume9/vandermaaten08a/vandermaaten08a.pdf
10,6,SW5,TRUE,2,https://www.youtube.com/watch?v=NEaUSP4YerM
-1,2,SW5,FALSE,-1,https://www.tsne.org
-1,4,SW5,TRUE,4,https://towardsdatascience.com/t-distributed-stochastic-neighbor-embedding-t-sne-bb60ff109561
1,-1,MW1,TRUE,14,http://www.rdatamining.com/examples/time-series-clustering-classification
2,1,MW1,TRUE,15,https://towardsdatascience.com/how-to-apply-k-means-clustering-to-time-series-data-28d04a8f7da3
3,2,MW1,TRUE,13,https://www.intechopen.com/online-first/clustering-of-time-series-data
4,-1,MW1,TRUE,2,https://www.sciencedirect.com/science/article/pii/S2666827020300013
5,-1,MW1,TRUE,6,https://www.sciencedirect.com/science/article/abs/pii/S0306437915000733
6,-1,MW1,TRUE,11,https://www.hindawi.com/journals/tswj/2014/562194/
7,-1,MW1,TRUE,10,https://robjhyndman.com/papers/wang.pdf
8,-1,MW1,TRUE,5,http://rstudio-pubs-static.s3.amazonaws.com/398402_abe1a0343a4e4e03977de8f3791e96bb.html
9,-1,MW1,TRUE,1,http://halweb.uc3m.es/esp/Personal/personas/amalonso/esp/ASDM-C02-clustering.pdf
10,-1,MW1,TRUE,9,https://www.cs.ucr.edu/~eamonn/meaningless.pdf
-1,3,MW1,TRUE,4,https://pro.arcgis.com/en/pro-app/tool-reference/space-time-pattern-mining/learnmoretimeseriesclustering.htm
-1,4,MW1,TRUE,7,https://drkeithmcnulty.com/2020/03/02/clustering-time-series-data-in-r/
-1,5,MW1,TRUE,3,https://www.researchgate.net/publication/339233484_Clustering_of_Time-Series_Data
-1,6,MW1,TRUE,12,https://jmlr.org/papers/volume17/khaleghi16a/khaleghi16a.pdf
-1,7,MW1,TRUE,8,https://www.storybench.org/how-to-use-hierarchical-cluster-analysis-on-time-series-data/
-1,8,MW1,TRUE,16,https://towardsdatascience.com/dont-make-this-mistake-when-clustering-time-series-data-d9403f39bbb2
-1,9,MW1,TRUE,17,https://stats.stackexchange.com/questions/66976/how-to-cluster-time-series
-1,10,MW1,TRUE,18,https://stackoverflow.com/questions/3503668/how-can-i-perform-k-means-clustering-on-time-series-data
1,1,MW2,TRUE,1,https://www.sciencedirect.com/science/article/abs/pii/S0167865518308985
2,-1,MW2,TRUE,5,https://link.springer.com/chapter/10.1007/978-3-030-28665-1_31
3,-1,MW2,TRUE,7,https://www.researchgate.net/profile/Stephan_Spiegel/publication/307929796_Time_series_distance_measures/links/59c52cce0f7e9bd2c0054f55/Time-series-distance-measures.pdf
4,-1,MW2,TRUE,10,https://arxiv.org/abs/1703.01923
5,5,MW2,TRUE,9,https://www.cs.ucr.edu/~eamonn/Complexity-Invariant%20Distance%20Measure.pdf
6,2,MW2,TRUE,11,https://journal.r-project.org/archive/2016/RJ-2016-058/RJ-2016-058.pdf
7,-1,MW2,TRUE,8,https://www.google.com/url?sa=t&rct=j&q=&esrc=s&source=web&cd=&ved=2ahUKEwi-99yFuPfsAhUcRhUIHXeCClcQFjAHegQIBhAC&url=https%3A%2F%2Fwww.mdpi.com%2F1996-1073%2F6%2F2%2F579%2Fpdf&usg=AOvVaw3Ab8iIpjtHZW0IFaGlp9NC
8,-1,MW2,TRUE,13,http://ceur-ws.org/Vol-2466/paper5.pdf
9,-1,MW2,FALSE,-1,https://www.google.com/url?sa=t&rct=j&q=&esrc=s&source=web&cd=&ved=2ahUKEwi-99yFuPfsAhUcRhUIHXeCClcQFjAJegQIChAC&url=https%3A%2F%2Fdepositonce.tu-berlin.de%2Fbitstream%2F11303%2F4916%2F2%2Fspiegel_stephan.pdf&usg=AOvVaw2-wKdqRnmmfIy5e3JKCzny
10,-1,MW2,TRUE,12,https://onlinelibrary.wiley.com/doi/abs/10.1002/9781118445112.stat05542
-1,3,MW2,TRUE,2,https://www.cs.ucr.edu/~eamonn/MPdist_Expanded.pdf
-1,4,MW2,TRUE,14,https://stackoverflow.com/questions/48497756/time-series-distance-metric
-1,6,MW2,TRUE,6,https://dl.acm.org/doi/abs/10.1145/3318464.3389760
-1,7,MW2,TRUE,3,http://www.cs.columbia.edu/~gravano/Papers/2017/tods17.pdf
-1,8,MW2,TRUE,4,https://cs.gmu.edu/~jessica/BookChapterTSMining.pdf
-1,9,MW2,TRUE,15,https://www.researchgate.net/post/How_can_I_perform_time_series_data_similarity_measures_and_get_a_significance_level_p-value
-1,10,MW2,TRUE,16,https://stats.stackexchange.com/questions/24607/how-to-measure-smoothness-of-a-time-series-in-r
1,5,MW3,TRUE,1,https://humansofdata.atlan.com/2016/11/visualizing-time-series-data/
2,-1,MW3,TRUE,2,https://uc-r.github.io/ts_exploration
3,-1,MW3,TRUE,3,https://www.openriskmanagement.com/21_ways_to_visualize_a_timeseries/
4,-1,MW3,TRUE,4,https://clauswilke.com/dataviz/time-series.html
5,-1,MW3,TRUE,14,https://www.influxdata.com/how-to-visualize-time-series-data/
6,9,MW3,TRUE,13,https://www.kdnuggets.com/2017/03/visualizing-time-series-change.html
7,-1,MW3,TRUE,11,https://www.aptech.com/resources/tutorials/tsmt/wpi-visualizing-time-series-data/
8,-1,MW3,TRUE,15,https://flowingdata.com/tag/time-series/
9,-1,MW3,TRUE,9,https://machinelearningmastery.com/time-series-data-visualization-with-python/
10,-1,MW3,TRUE,5,https://kanoki.org/2020/04/27/time-series-analysis-data-visualization/
-1,1,MW3,TRUE,6,https://dataforvisualization.com/visualizing-time-series/
-1,2,MW3,TRUE,12,https://towardsdatascience.com/visualizing-time-series-survival-data-36029652a393
-1,3,MW3,TRUE,8,https://www.r-bloggers.com/2020/06/time-series-in-5-minutes-part-1-visualization-with-the-time-plot/
-1,4,MW3,TRUE,7,https://boostedml.com/2020/05/visualizing-time-series-in-r.html
-1,6,MW3,TRUE,16,https://subscription.packtpub.com/book/data/9781789618518/1/ch01lvl1sec07/visualizing-time-series-data
-1,7,MW3,TRUE,17,http://science-infographics.org/visualizing-time-series-data/
-1,8,MW3,TRUE,10,https://www.datascienceblog.net/post/data-visualization/line-plot/
-1,10,MW3,TRUE,18,https://www.byteacademy.co/blog/time-series-python
1,-1,MW4,TRUE,13,https://en.wikipedia.org/wiki/Dimensionality_reduction
2,4,MW4,TRUE,4,https://machinelearningmastery.com/dimensionality-reduction-for-machine-learning/
3,2,MW4,TRUE,1,https://towardsdatascience.com/dimensionality-reduction-for-machine-learning-80a46c2ebb7e
4,-1,MW4,TRUE,2,https://thenewstack.io/3-new-techniques-for-data-dimensionality-reduction-in-machine-learning/
5,8,MW4,TRUE,3,https://www.analyticsvidhya.com/blog/2018/08/dimensionality-reduction-techniques-python/
6,-1,MW4,TRUE,6,https://www.sciencedirect.com/topics/computer-science/dimensionality-reduction
7,-1,MW4,TRUE,5,https://blog.dataiku.com/dimensionality-reduction-how-it-works-in-plain-english
8,1,MW4,TRUE,8,https://www.geeksforgeeks.org/dimensionality-reduction/
9,-1,MW4,TRUE,9,https://www.kdnuggets.com/2015/05/7-methods-data-dimensionality-reduction.html
10,-1,MW4,TRUE,10,https://www.youtube.com/watch?v=3uxOyk-SczU
-1,3,MW4,TRUE,11,https://www.upgrad.com/blog/top-dimensionality-reduction-techniques-for-machine-learning/
-1,5,MW4,TRUE,12,https://bartwronski.com/2020/05/21/dimensionality-reduction-for-image-and-texture-set-compression/
-1,6,MW4,TRUE,16,https://www.techopedia.com/definition/30392/dimensionality-reduction
-1,7,MW4,TRUE,15,https://tutorials.datasciencedojo.com/dimensionality-reduction/
-1,9,MW4,TRUE,14,http://infolab.stanford.edu/~ullman/mmds/ch11.pdf
-1,10,MW4,TRUE,7,https://towardsdatascience.com/principal-component-analysis-for-dimensionality-reduction-115a3d157bad
1,-1,MW5,TRUE,14,https://towardsdatascience.com/classification-anomaly-detection-and-prediction-68b046d9c436
2,-1,MW5,TRUE,1,https://www.sciencedirect.com/science/article/pii/S1877050916319160
3,-1,MW5,TRUE,11,https://www.dynatrace.com/support/help/how-to-use-dynatrace/problem-detection-and-analysis/problem-detection/prediction-based-anomaly-detection/
4,-1,MW5,TRUE,2,https://arxiv.org/pdf/1908.01146.pdf
5,-1,MW5,TRUE,3,https://ieeexplore.ieee.org/document/6749341
6,-1,MW5,TRUE,4,https://www.hindawi.com/journals/complexity/2018/1048756/
7,-1,MW5,TRUE,6,https://link.springer.com/article/10.1007/s41060-019-00186-0
8,-1,MW5,TRUE,7,https://www.researchgate.net/publication/262176955_Anomaly_Prediction_in_Seismic_Signals_Using_Neural_Networks
9,-1,MW5,TRUE,12,https://medium.com/sciforce/anomaly-detection-another-challenge-for-artificial-intelligence-c69d414b14db
10,-1,MW5,TRUE,8,https://www.progress.com/campaigns/datarpm/infographic-cognitive-anomaly-detection-and-prediction
-1,1,MW5,TRUE,9,https://github.com/G-Morgen/Anomaly_Prediction
-1,2,MW5,TRUE,16,https://help.amplitude.com/hc/en-us/articles/360044072251-Anomaly-and-Forecast
-1,3,MW5,TRUE,17,https://docs.microsoft.com/en-us/dotnet/machine-learning/tutorials/sales-anomaly-detection
-1,4,MW5,TRUE,18,https://medium.com/sciforce/anomaly-detection-another-challenge-for-artificial-intelligence-c69d414b14db
-1,5,MW5,TRUE,10,https://github.com/feiyuhuahuo/Anomaly_Prediction
-1,6,MW5,TRUE,14,https://www.darkreading.com/threat-intelligence/iot-anomaly-detection-101-data-science-to-predict-the-unexpected-/a/d-id/1334090
-1,7,MW5,TRUE,5,https://towardsdatascience.com/anomaly-detection-with-time-series-forecasting-c34c6d04b24a
-1,8,MW5,TRUE,19,https://docs.microsoft.com/en-us/azure/data-explorer/anomaly-detection
-1,9,MW5,TRUE,15,https://www.darkreading.com/threat-intelligence/anomaly-detection-techniques-defining-normal-/a/d-id/1334116
-1,10,MW5,TRUE,20,https://psl.noaa.gov/map/clim/sst.shtml
1,-1,MWO1,TRUE,13,https://en.wikipedia.org/wiki/Principal_component_analysis
2,9,MWO1,TRUE,1,https://towardsdatascience.com/visualising-high-dimensional-datasets-using-pca-and-t-sne-in-python-8ef87e7915b
3,-1,MWO1,TRUE,5,https://scikit-learn.org/stable/modules/generated/sklearn.manifold.TSNE.html
4,-1,MWO1,TRUE,6,https://scikit-learn.org/stable/modules/generated/sklearn.decomposition.PCA.html
5,1,MWO1,TRUE,7,https://www.geeksforgeeks.org/difference-between-pca-vs-t-sne/
6,5,MWO1,TRUE,2,https://medium.com/analytics-vidhya/pca-vs-t-sne-17bcd882bf3d
7,-1,MWO1,TRUE,4,https://distill.pub/2016/misread-tsne/
8,-1,MWO1,TRUE,9,https://lvdmaaten.github.io/tsne/
9,-1,MWO1,TRUE,10,https://setosa.io/ev/principal-component-analysis/
10,10,MWO1,TRUE,14,https://stats.stackexchange.com/questions/238538/are-there-cases-where-pca-is-more-suitable-than-t-sne
-1,2,MWO1,TRUE,8,https://www.thekerneltrip.com/statistics/tsne-vs-pca/
-1,3,MWO1,TRUE,3,https://medium.com/analytics-vidhya/pca-vs-lda-vs-t-sne-lets-understand-the-difference-between-them-22fa6b9be9d0
-1,4,MWO1,TRUE,11,https://towardsdatascience.com/pca-vs-tsne-el-clásico-9948181a5f87
-1,6,MWO1,TRUE,12,https://towardsdatascience.com/tsne-degrades-to-pca-d4abf9ef51d3
-1,7,MWO1,TRUE,15,https://www.quora.com/What-is-the-difference-between-PCA-and-T-SNE?share=1
-1,8,MWO1,TRUE,16,https://www.biostars.org/p/295174/
1,2,MWO2,FALSE,-1,https://www2.deloitte.com/us/en/insights/topics/digital-transformation/smart-factory-2-0-technology-initiatives.html
2,9,MWO2,TRUE,2,https://www2.deloitte.com/us/en/insights/focus/industry-4-0/smart-factory-connected-manufacturing.html
3,-1,MWO2,TRUE,3,https://tulip.co/blog/digital-transformation/what-is-a-smart-factory-and-what-it-means-for-you/
4,-1,MWO2,FALSE,-1,https://ottomotors.com/blog/what-is-the-smart-factory-manufacturing
5,-1,MWO2,TRUE,1,https://www.avsystem.com/blog/smart-factory/
7,-1,MWO2,FALSE,-1,https://www.industryweek.com/technology-and-iiot/article/21959512/the-dawn-of-the-smart-factory
6,-1,MWO2,FALSE,-1,https://aggity.com/en/solutions/smart-factory/
8,-1,MWO2,FALSE,-1,https://www.harting.com/UK/en-gb/topics/what-smart-factory
9,-1,MWO2,FALSE,-1,https://en.wikipedia.org/wiki/Smart_manufacturing
10,-1,MWO2,FALSE,-1,https://www.globenewswire.com/news-release/2020/07/14/2062169/0/en/Global-Smart-Factory-Industry.html
-1,1,MWO2,FALSE,-1,https://factorywiz.com/monitoring/machine-monitoring-overview/?www.factorywiz.com&msclkid=d06fcdee4cd21d2075149245bfbe2932
-1,3,MWO2,FALSE,-1,https://www2.deloitte.com/za/en/insights/topics/digital-transformation/smart-factory-2-0-technology-initiatives0.html
-1,4,MWO2,FALSE,-1,https://www2.deloitte.com/global/en/blog/energy-resources-industrials/2020/implementing-the-smart-factory.html
-1,5,MWO2,FALSE,-1,https://www2.deloitte.com/ca/en/pages/energy-and-resources/articles/implementing-the-smart-factory.html
-1,6,MWO2,FALSE,-1,https://partners.wsj.com/huawei/news/huawei-joins-hands-pcitc-embrace-smart-factory-2-0/
-1,7,MWO2,FALSE,-1,https://www.arabnewsexpress.ae/huawei-joins-hands-with-pcitc-to-embrace-smart-factory-2-0/
-1,8,MWO2,FALSE,-1,https://www.trumpf.com/en_US/solutions/smartfactory/
-1,10,MWO2,FALSE,-1,https://www.youtube.com/watch?v=bgg9Tr-3Kb8
1,-1,MWO3,FALSE,-1,https://www.calculatorsoup.com/calculators/math/speed-distance-time-calculator.php
2,-1,MWO3,FALSE,-1,https://en.wikipedia.org/wiki/Time–distance_diagram
3,-1,MWO3,FALSE,-1,https://en.wikipedia.org/wiki/Date_and_time_representation_by_country
4,-1,MWO3,FALSE,-1,https://spark.iop.org/collections/time-distance-and-speed#gref
6,-1,MWO3,FALSE,-1,https://books.google.co.il/books?id=Dz9XAWuFf2kC&pg=PP1&lpg=PP1&dq=%22time+distance%22+OR+%22time+representation%22&source=bl&ots=iKgBmyQt7w&sig=ACfU3U1PGGkH9WPfFLrbL3FRMPYbfSau6A&hl=en&sa=X&ved=2ahUKEwiN4qDRovrsAhUGURUIHbilBz4Q6AEwDHoECA0QAg#v=onepage&q=%22time%20distance%22%20OR%20%22time%20representation%22&f=false
5,-1,MWO3,FALSE,-1,http://www.machinehead-software.co.uk/bike/speed_distance_time_calc.html
7,-1,MWO3,FALSE,-1,https://www.encyclopedia.com/science/dictionaries-thesauruses-pictures-and-press-releases/time-distance-curve
8,-1,MWO3,FALSE,-1,https://arxiv.org/abs/1907.03244
10,-1,MWO3,FALSE,-1,https://sites.google.com/site/harlandclub/Home/math/algebra/word1var/wordprob1varlinear/rtd
9,-1,MWO3,FALSE,-1,https://www.oxfordreference.com/view/10.1093/oi/authority.20110803104648787
-1,1,MWO3,FALSE,-1,https://en.wikipedia.org/wiki/Time_derivative
-1,2,MWO3,TRUE,1,https://www.sciencedirect.com/science/article/pii/S0031320318301286
-1,3,MWO3,FALSE,-1,https://www.pnas.org/content/116/15/7477
-1,4,MWO3,FALSE,-1,https://en.wikibooks.org/wiki/Clock_and_Data_Recovery/Structures_and_types_of_CDRs/The_CDR_based_on_a_first_order_PLL
-1,5,MWO3,FALSE,-1,https://www.pnas.org/content/pnas/116/15/7477.full.pdf
-1,6,MWO3,FALSE,-1,http://www.commsp.ee.ic.ac.uk/~tania/teaching/dsp/Lectures%201-2%20Time-Domain%20Characterization%20of%20LTI%20Discrete-Time%20Systems.pdf
-1,7,MWO3,FALSE,-1,https://y6.creditplus-kabinet.ru/535?utm_source=
-1,8,MWO3,FALSE,-1,https://en.wikipedia.org/wiki/Spacetime
-1,9,MWO3,FALSE,-1,https://www.sciencedirect.com/science/article/abs/pii/S0305054817300588
-1,10,MWO3,FALSE,-1,https://stackoverflow.com/questions/16912568/working-with-time-duration-not-time-of-day
1,-1,MWO4,TRUE,13,https://en.wikipedia.org/wiki/Cluster_analysis
2,3,MWO4,FALSE,-1,https://en.wikipedia.org/wiki/Pattern_recognition
3,-1,MWO4,TRUE,3,https://www.researchgate.net/publication/221025575_Local_Pattern_Detection_and_Clustering
4,-1,MWO4,TRUE,7,https://dl.acm.org/doi/10.1145/331499.331504
9,-1,MWO4,TRUE,10,https://link.springer.com/chapter/10.1007/978-3-319-09156-3_49
7,-1,MWO4,TRUE,12,https://sites.google.com/site/dataclusteringalgorithms/home
6,-1,MWO4,TRUE,2,https://www.sciencedirect.com/science/article/pii/S1877050917328673
5,-1,MWO4,TRUE,5,https://www.sciencedirect.com/topics/computer-science/pattern-detection
8,-1,MWO4,TRUE,1,https://ieeexplore.ieee.org/abstract/document/8853526
10,-1,MWO4,FALSE,-1,https://www.mathworks.com/help/fuzzy/data-clustering-using-the-clustering-tool.html
-1,1,MWO4,TRUE,11,http://www.idc-online.com/technical_references/pdfs/information_technology/Pattern%20Recognition.pdf
-1,2,MWO4,FALSE,-1,https://www.researchgate.net/publication/6200837_Cluster_Pattern_Detection_in_Spatial_Data_Based_on_Monte_Carlo_Inference
-1,4,MWO4,TRUE,9,http://downloads.hindawi.com/journals/bmri/2015/918954.pdf
-1,5,MWO4,TRUE,6,https://www.researchgate.net/publication/281512958_K-Profiles_A_Nonlinear_Clustering_Method_for_Pattern_Detection_in_High_Dimensional_Data
-1,6,MWO4,FALSE,-1,https://www.sciencedirect.com/science/article/abs/pii/S0019057816300271
-1,7,MWO4,TRUE,8,https://www.sciencedirect.com/science/article/abs/pii/S1359431120332920
-1,8,MWO4,FALSE,-1,https://www.scribd.com/presentation/345180581/Group3-DataClustering-CaseStudy
-1,9,MWO4,FALSE,-1,https://dzone.com/articles/machine-learning-and-pattern-recognition
-1,10,MWO4,FALSE,-1,https://github.com/topics/pattern-classification
1,-1,MWO5,FALSE,-1,https://en.wikipedia.org/wiki/Anomaly_detection
2,-1,MWO5,TRUE,6,https://towardsdatascience.com/anomaly-detection-for-dummies-15f148e559c1
3,-1,MWO5,TRUE,13,https://towardsdatascience.com/how-to-use-machine-learning-for-anomaly-detection-and-condition-monitoring-6742f82900d7
4,-1,MWO5,TRUE,2,https://www.anodot.com/blog/what-is-anomaly-detection/
5,-1,MWO5,TRUE,1,https://journalofbigdata.springeropen.com/articles/10.1186/s40537-020-00320-x
6,-1,MWO5,TRUE,7,https://www.bmc.com/blogs/machine-learning-anomaly-detection/
7,-1,MWO5,TRUE,12,https://www.kdnuggets.com/2019/10/anomaly-detection-explained.html
8,-1,MWO5,TRUE,8,https://www.sciencedirect.com/topics/computer-science/anomaly-detection
9,-1,MWO5,TRUE,11,https://turi.com/learn/userguide/anomaly_detection/intro.html
10,-1,MWO5,TRUE,9,http://cucis.ece.northwestern.edu/projects/DMS/publications/AnomalyDetection.pdf
-1,1,MWO5,TRUE,14,https://www.tandfonline.com/doi/pdf/10.1080/24751839.2019.1565653?needAccess=true
-1,2,MWO5,TRUE,4,https://www.ias.uni-stuttgart.de/dokumente/publikationen/2018_Anomaly_Detection_in_Discrete_Manufacturing_Using_Self-Learning_Approaches.pdf
-1,3,MWO5,TRUE,5,https://www.sciencedirect.com/science/article/pii/S0167865519303447
-1,4,MWO5,FALSE,-1,https://www.researchgate.net/publication/330843078_Machine_learning_approaches_for_anomaly_detection_of_water_quality_on_a_real-world_data_set
-1,5,MWO5,FALSE,-1,http://utw10945.utweb.utexas.edu/sites/default/files/2019/016%20In-Situ%20Layer-Wise%20Quality%20Monitoring%20for%20Laser-Ba.pdf
-1,6,MWO5,FALSE,-1,http://koreascience.or.kr/article/JAKO201424750260333.page
-1,7,MWO5,FALSE,-1,https://arxiv.org/abs/1510.03336
-1,8,MWO5,TRUE,3,https://www.intel.com/content/dam/www/public/us/en/documents/white-papers/increase-product-yield-and-quality-with-machine-learning-paper.pdf
-1,9,MWO5,FALSE,-1,http://koreascience.or.kr/article/JAKO201424750260333.page
-1,10,MWO5,TRUE,10,https://arxiv.org/abs/1510.03336
1,4,MWN1,TRUE,14,https://paperswithcode.com/task/time-series-clustering
2,1,MWN1,TRUE,15,https://towardsdatascience.com/dont-make-this-mistake-when-clustering-time-series-data-d9403f39bbb2
3,-1,MWN1,TRUE,3,http://rstudio-pubs-static.s3.amazonaws.com/398402_abe1a0343a4e4e03977de8f3791e96bb.html
4,6,MWN1,TRUE,5,https://www.storybench.org/how-to-use-hierarchical-cluster-analysis-on-time-series-data/
5,-1,MWN1,TRUE,7,https://bmcbioinformatics.biomedcentral.com/articles/10.1186/s12859-019-3324-1
6,-1,MWN1,TRUE,8,https://datawookie.netlify.app/blog/2017/04/clustering-time-series-data/
7,-1,MWN1,TRUE,13,https://pro.arcgis.com/en/pro-app/tool-reference/space-time-pattern-mining/time-series-clustering.htm
8,-1,MWN1,TRUE,12,https://www.intechopen.com/books/recent-trends-in-artificial-neural-networks-from-training-to-prediction/time-series-from-clustering-an-approach-to-forecast-crime-patterns
9,-1,MWN1,TRUE,11,https://arxiv.org/abs/2002.01890
10,-1,MWN1,TRUE,9,https://www.mdpi.com/2673-3951/1/1/1
-1,2,MWN1,TRUE,1,https://www.sciencedirect.com/science/article/abs/pii/S0031320305001305
-1,3,MWN1,TRUE,2,https://research.monash.edu/en/publications/time-series-clustering-and-classification
-1,5,MWN1,TRUE,4,https://towardsdatascience.com/time-series-clustering-and-dimensionality-reduction-5b3b4e84f6a3
-1,7,MWN1,TRUE,16,https://stackoverflow.com/questions/58358110/clustering-similar-time-series
-1,8,MWN1,TRUE,6,https://petolau.github.io/TSrepr-clustering-time-series-representations/
-1,9,MWN1,TRUE,10,https://github.com/NshanPotikyan/ClusteringFTS
-1,10,MWN1,TRUE,17,https://www.sciencedirect.com/science/article/pii/S2352340920306818
1,-1,MWN2,FALSE,-1,https://quant.stackexchange.com/questions/848/time-series-similarity-measures
2,-1,MWN2,FALSE,-1,https://www.intechopen.com/online-first/clustering-of-time-series-data
3,-1,MWN2,TRUE,1,https://arxiv.org/abs/1401.3973
4,-1,MWN2,TRUE,7,https://arxiv.org/pdf/1311.1958.pdf
5,-1,MWN2,TRUE,8,http://przyrbwn.icm.edu.pl/APP/PDF/121/a121z2bp18.pdf
6,-1,MWN2,FALSE,-1,https://www.researchgate.net/publication/339233484_Clustering_of_Time-Series_Data
7,-1,MWN2,FALSE,-1,https://www.researchgate.net/post/What_is_a_good_metric_for_time-series_correlation_and_clustering
8,-1,MWN2,TRUE,5,http://www.earthmapps.io/pubs/2011_Lhermitte_A%20comparison%20of%20time%20series.pdf
9,-1,MWN2,TRUE,2,https://www.ncbi.nlm.nih.gov/pmc/articles/PMC3645413/
10,-1,MWN2,TRUE,3,https://www.ncbi.nlm.nih.gov/pmc/articles/PMC2390719/
-1,1,MWN2,TRUE,4,https://onlinelibrary.wiley.com/doi/abs/10.1111/j.1467-9892.2011.00780.x
-1,2,MWN2,TRUE,9,https://www.feynmanlectures.caltech.edu/I_05.html
-1,3,MWN2,FALSE,-1,https://en.wikipedia.org/wiki/Rangefinder
-1,4,MWN2,FALSE,-1,https://machinelearningmastery.com/time-series-forecasting-performance-measures-with-python/
-1,5,MWN2,FALSE,-1,https://github.com/AlejandroEsquivel/msp430-ultrasonic-distance
-1,6,MWN2,FALSE,-1,https://websiteofahistoricalpolymath.wordpress.com/2017/07/24/measurement-in-the-middle-ages/
-1,7,MWN2,TRUE,6,http://www.cs.princeton.edu/courses/archive/spr05/cos598E/Time_Series.pdf
-1,8,MWN2,FALSE,-1,https://ams-dmi.com
-1,9,MWN2,FALSE,-1,https://www.njr.com/micro/sensor/distance/digital/k-band/njr4234.html
-1,10,MWN2,FALSE,-1,https://www.vishay.com/docs/80085/measurem.pdf
1,-1,MWN3,TRUE,1,https://www.sciencedirect.com/science/article/abs/pii/S0031320309001290
2,-1,MWN3,TRUE,11,https://www.lias-lab.fr/seminaries/2016-07-11-ponchateauc-timeseriesstateofart.pdf
3,-1,MWN3,TRUE,2,https://www.cs.ucr.edu/~eamonn/PAKDD_05.pdf
4,-1,MWN3,TRUE,4,https://onlinelibrary.wiley.com/doi/abs/10.1002/wics.1392
5,-1,MWN3,TRUE,-1,https://onlinelibrary.wiley.com/doi/abs/10.1002/wics.1392
6,-1,MWN3,TRUE,10,https://dl.acm.org/doi/abs/10.1145/2638404.2638475
7,-1,MWN3,TRUE,-1,https://dl.acm.org/doi/10.1145/2638404.2638475
8,-1,MWN3,TRUE,9,https://www.hindawi.com/journals/aaa/2013/603629/
9,-1,MWN3,TRUE,14,https://papers.nips.cc/paper/2019/hash/1359aa933b48b754a2f54adb688bfa77-Abstract.html
10,-1,MWN3,TRUE,5,https://www.researchgate.net/publication/48166584_Experimental_Comparison_of_Representation_Methods_and_Distance_Measures_for_Time_Series_Data
-1,1,MWN3,TRUE,3,https://www.cs.ucr.edu/~eamonn/SAX.pdf
-1,2,MWN3,TRUE,15,https://www.coursera.org/lecture/erasmus-econometrics/lecture-6-2-on-time-series-representation-LIRdq
-1,3,MWN3,TRUE,6,https://dl.acm.org/doi/10.14778/3342263.3342648
-1,4,MWN3,TRUE,7,https://www.researchgate.net/publication/337972512_Learning_Representations_for_Time_Series_Clustering
-1,5,MWN3,TRUE,12,https://www.cs.ucr.edu/~eamonn/PAKDD_05.pdf
-1,6,MWN3,TRUE,8,http://users.eecs.northwestern.edu/~goce/SomePubs/Similarity-Pubs/DMKD-13-TimeSeries.pdf
-1,7,MWN3,TRUE,13,https://deepai.org/publication/ensemble-deep-learning-on-time-series-representation-of-tweets-for-rumor-detection-in-social-media
-1,8,MWN3,FALSE,-1,https://en.wikipedia.org/wiki/Wold%27s_theorem
-1,9,MWN3,FALSE,-1,https://humansofdata.atlan.com/2016/11/visualizing-time-series-data/
-1,10,MWN3,FALSE,-1,https://champaignparks.com/5-animated-netflix-original-series-where-representation-matters/
1,2,MWN4,TRUE,6,https://towardsdatascience.com/an-introduction-to-dimenstionality-reduction-8c7d1c80737d
2,-1,MWN4,TRUE,2,https://www.datadvance.net/product/pseven-core/generic-tool-for-dimension-reduction/
3,-1,MWN4,TRUE,1,https://link.springer.com/chapter/10.1007/978-3-540-88192-6_38
4,-1,MWN4,FALSE,-1,https://www.sciencedirect.com/science/article/pii/S1877050916302514
5,-1,MWN4,FALSE,-1,https://arxiv.org/abs/2003.00470
6,-1,MWN4,FALSE,-1,https://papers.nips.cc/paper/2019/hash/94f4ede62112b790c91d5e64fdb09cb8-Abstract.html
7,-1,MWN4,FALSE,-1,https://ieeexplore.ieee.org/abstract/document/4725467
8,-1,MWN4,TRUE,12,https://books.google.co.il/books?id=CgzLBQAAQBAJ&pg=PA126&lpg=PA126&dq=dimensionality+reduction+-PCA&source=bl&ots=wN8KoaLpWd&sig=ACfU3U1UG3SnrIDja-K93kJIRnXpYgnCMA&hl=en&sa=X&ved=2ahUKEwjy1tSXl_rsAhVVtXEKHd6FAAEQ6AEwEHoECAEQAg#v=onepage&q=dimensionality%20reduction%20-PCA&f=false
9,-1,MWN4,TRUE,11,https://www.mdpi.com/2072-4292/12/1/76
10,-1,MWN4,FALSE,-1,https://paperswithcode.com/task/dimensionality-reduction
-1,1,MWN4,TRUE,4,https://www.analyticsvidhya.com/blog/2020/10/dimensionality-reduction-using-factor-analysis-in-python/
-1,3,MWN4,TRUE,3,https://medium.com/@garora039/dimensionality-reduction-using-t-sne-effectively-cabb2cd519b
-1,4,MWN4,TRUE,7,https://www.semanticscholar.org/paper/Application-of-Dimensionality-Reduction-in-System-A-Sarwar-Karypis/c3eddc356634d8c0d6db385567deffe1cf7cb3f6
-1,5,MWN4,TRUE,5,https://www.worldscientific.com/doi/abs/10.1142/S0218001419500174
-1,6,MWN4,TRUE,10,https://www.ijcai.org/Proceedings/2018/0452.pdf
-1,7,MWN4,TRUE,8,https://github.com/saorisakaue/Genotype-dimensionality-reduction
-1,8,MWN4,FALSE,-1,https://stackoverflow.com/questions/57412471/categorical-variables-dimensionality-reduction
-1,9,MWN4,FALSE,-1,https://stats.stackexchange.com/questions/144770/how-to-determine-the-number-of-dimensions-to-a-machine-learning-problem
-1,10,MWN4,TRUE,9,https://ieeexplore.ieee.org/document/8410623
1,-1,MWN5,FALSE,-1,https://opendistro.github.io/for-elasticsearch-docs/docs/ad/
2,-1,MWN5,FALSE,-1,https://www.anodot.com
3,-1,MWN5,FALSE,-1,https://www.anodot.com/blog/big-data-anomaly-detection/
4,-1,MWN5,FALSE,-1,https://www.elastic.co/guide/en/kibana/current/xpack-ml-anomalies.html
5,2,MWN5,FALSE,-1,https://azure.microsoft.com/en-us/services/cognitive-services/anomaly-detector/
6,-1,MWN5,FALSE,-1,https://docs.microsoft.com/en-us/dotnet/machine-learning/tutorials/sales-anomaly-detection
7,-1,MWN5,FALSE,-1,https://docs.appdynamics.com/display/PRO45/Anomaly+Detection
8,-1,MWN5,TRUE,1,https://arxiv.org/abs/2007.02500
9,-1,MWN5,TRUE,2,https://arxiv.org/abs/2006.00339
10,-1,MWN5,FALSE,-1,https://support.google.com/analytics/answer/7507748?hl=en
-1,1,MWN5,FALSE,-1,https://www.infoq.com/news/2020/10/aws-cost-anomaly-detection/
-1,3,MWN5,FALSE,-1,https://technoweekly.com/energy/1040711/global-anomaly-detection-solution-market-top-players-by-2026-cisco-systems-inc-dell-technologies-inc-hewlett-packard-enterprise-company-etc-3/
-1,4,MWN5,TRUE,4,https://medium.com/@mfg_labs/anomaly-detection-in-hostile-environment-28e4ff875621
-1,5,MWN5,FALSE,-1,https://www.psychologytoday.com/us/blog/seeing-what-others-dont/202010/anomaly-detection-the-art-noticing-the-unexpected
-1,6,MWN5,TRUE,3,https://medium.com/analytics-vidhya/anomaly-detection-using-generative-adversarial-networks-gan-ca433f2ac287
-1,7,MWN5,FALSE,-1,https://anomaly.io
-1,8,MWN5,FALSE,-1,https://docs.microsoft.com/en-us/azure/cognitive-services/anomaly-detector/
-1,9,MWN5,FALSE,-1,https://10dsecurity.com/cyber-security-baselines-anomaly-detection/
-1,10,MWN5,TRUE,5,https://anomaly.io/anomaly-detection-poisson-distribution/index.html
1,-1,MWA1,FALSE,-1,https://www.researchgate.net/publication/328151828_THE_CLUSTER_ANALYSIS_IN_THE_MANUFACTURING_INDUSTRY_WITH_K-MEANS_METHOD_AN_APPLICATION_FOR_TURKEY
2,-1,MWA1,TRUE,2,https://ieeexplore.ieee.org/document/9043023
3,-1,MWA1,TRUE,3,https://pdf.sciencedirectassets.com/280203/1-s2.0-S1877050919X00046/1-s2.0-S1877050919300225/main.pdf
4,-1,MWA1,TRUE,1,https://www.sciencedirect.com/science/article/pii/S1877050919300225
5,-1,MWA1,TRUE,4,https://citeseerx.ist.psu.edu/viewdoc/download?doi=10.1.1.206.5279&rep=rep1&type=pdf
6,-1,MWA1,TRUE,5,https://arxiv.org/pdf/1709.06202
7,1,MWA1,FALSE,-1,https://www.dataentryoutsourced.com/blog/how-businesses-can-use-clustering-in-data-mining/
8,-1,MWA1,FALSE,-1,https://www.mdpi.com/1099-4300/20/11/887/pdf
9,-1,MWA1,TRUE,6,http://ceur-ws.org/Vol-2098/paper29.pdf
10,-1,MWA1,FALSE,-1,https://www.amazon.com/Handbook-Research-Clustering-Learning-Management/dp/1799801063
-1,2,MWA1,TRUE,8,https://www.upgrad.com/blog/cluster-analysis-data-mining/
-1,3,MWA1,TRUE,7,https://medium.com/cracking-the-data-science-interview/an-introduction-to-big-data-clustering-1a911b83e590
-1,4,MWA1,TRUE,3,https://www.semanticscholar.org/paper/Data-clustering-theory%2C-algorithms%2C-and-Gan-Ma/a09f3adb2c533223a6780dd23dc9809c6c6bb016
-1,5,MWA1,TRUE,9,https://vivadifferences.com/difference-between-classification-and-clustering-in-data-mining/
-1,6,MWA1,FALSE,-1,https://www.analyticsvidhya.com/blog/2020/11/comprehensive-guide-data-science-professional/
-1,7,MWA1,TRUE,12,https://ks.sunrise-remont.ru/303?utm_source=
-1,8,MWA1,TRUE,11,https://www.educba.com/what-is-clustering-in-data-mining/
-1,9,MWA1,TRUE,10,https://data-flair.training/blogs/clustering-in-data-mining/
-1,10,MWA1,TRUE,13,https://en.wikipedia.org/wiki/Cluster_analysis
1,-1,MWA2,FALSE,-1,https://community.alteryx.com/t5/Alteryx-Designer-Knowledge-Base/Time-Series-Factory-Tools-vs-Batch-Macro-Time-Series/ta-p/455753
2,-1,MWA2,FALSE,-1,https://community.alteryx.com/t5/Alteryx-Designer-Discussions/Timeseries-Forecast-w-Factory-Tools/td-p/123413
3,-1,MWA2,TRUE,2,http://article.nadiapub.com/IJCA/vol11_no1/8.pdf
4,-1,MWA2,TRUE,5,https://towardsdatascience.com/ml-time-series-forecasting-the-right-way-cbf3678845ff
5,1,MWA2,FALSE,-1,https://www.timeseries.com/program/smart-app-factory/
6,-1,MWA2,FALSE,-1,https://techcommunity.microsoft.com/t5/azure-data-factory/how-conntect-to-azure-time-series-insights-from-azure-data/m-p/1224686
7,-1,MWA2,TRUE,4,https://www.researchgate.net/publication/323671215_Kalman_filter_based_time_series_prediction_of_cake_factory_daily_sale
8,-1,MWA2,TRUE,1,https://www.researchgate.net/publication/3284252_Factory_Cycle-Time_Prediction_With_a_Data-Mining_Approach
9,-1,MWA2,FALSE,-1,https://www.facebook.com/268022216566208/posts/in-factory-data-there-are-important-methods-for-the-analysisthese-methods-are-no/2873825439319193/
10,-1,MWA2,FALSE,-1,https://blogs.sap.com/2016/06/24/create-one-forecasting-model-automate-many-with-sap-predictive-factory-30/
-1,2,MWA2,FALSE,-1,https://docs.microsoft.com/en-us/azure/time-series-insights/concepts-model-overview
-1,3,MWA2,FALSE,-1,https://docs.microsoft.com/en-us/azure/time-series-insights/concepts-query-overview
-1,4,MWA2,FALSE,-1,https://www.imdb.com/title/tt8956566/
-1,5,MWA2,FALSE,-1,https://www.mssqltips.com/sqlservertip/6287/time-series-data-fact-and-dimension-tables-for-sql-server/
-1,6,MWA2,TRUE,3,https://medium.com/fintechexplained/forecasting-time-series-explained-5cc773b232b6
-1,7,MWA2,FALSE,-1,https://www.scirp.org/journal/paperinformation.aspx?paperid=103954
-1,8,MWA2,FALSE,-1,https://www.toppr.com/guides/business-mathematics-and-statistics/time-series-analysis/components-of-time-series/
-1,9,MWA2,FALSE,-1,https://www.census.gov/econ/currentdata/dbsearch?program=M3&startYear=1992&endYear=2019&categories=MTM&dataType=VS&geoLevel=US&adjusted=1&notAdjusted=0&errorData=0
-1,10,MWA2,FALSE,-1,https://en.wikipedia.org/wiki/Back_in_Time_for...
1,3,MWA3,TRUE,1,https://www.sciencedirect.com/science/article/pii/S0023643805002239
2,-1,MWA3,FALSE,-1,https://www.researchgate.net/publication/224255907_Visualization_of_Sensory_Perception_Descriptions
3,6,MWA3,TRUE,2,https://www.researchgate.net/publication/232546822_Visualization_of_sensory_profiling_data_for_performance_monitoring
4,-1,MWA3,TRUE,3,https://link.springer.com/chapter/10.1007/978-3-642-12519-5_3
5,-1,MWA3,FALSE,-1,https://towardsdatascience.com/visual-perception-how-we-perceive-graphical-information-de5f30516009
6,5,MWA3,FALSE,-1,https://www.quora.com/What-is-the-visualization-of-the-relationship-between-sensory-data-and-perception
7,-1,MWA3,FALSE,-1,https://www.toptal.com/designers/data-visualization/data-visualization-psychology
8,-1,MWA3,FALSE,-1,https://www.semanticscholar.org/paper/Visualization-of-sensory-profiling-data-for-Tomić-Nilsen/6819ab96a62bd11cc988e37ee430f38e3e767cd3
9,-1,MWA3,FALSE,-1,https://graphicsinterface.org/wp-content/uploads/gi1998-12.pdf
10,-1,MWA3,FALSE,-1,https://tams.informatik.uni-hamburg.de/lehre/2004ss/projekt/advVisConNan/Lecture%20web%20pages/2004_04_29_Characteristics.pdf
-1,1,MWA3,FALSE,-1,https://docs.lib.purdue.edu/surf/2015/presentations/128/
-1,2,MWA3,TRUE,4,https://www.ncbi.nlm.nih.gov/pmc/articles/PMC4629803/
-1,4,MWA3,TRUE,5,https://www.duo.uio.no/bitstream/handle/10852/9913/Risvik.pdf?sequence=1
-1,7,MWA3,FALSE,-1,https://www.prevu3d.com/news/pros-and-cons-of-visualization-and-modelling-software/
-1,8,MWA3,FALSE,-1,https://www.researchgate.net/publication/277714337_SensorMapRT_-_a_System_for_Real-Time_Acquisition_Visualization_and_Analysis_of_Mobile_Sensor_Data_in_an_Urban_Context
-1,9,MWA3,FALSE,-1,https://www.mitpressjournals.org/doi/abs/10.1162/LEON_a_01225
-1,10,MWA3,FALSE,-1,https://www.vixendaily.com/success/simple-visualization-techniques-to-accomplish-anything/
1,1,MWA4,TRUE,3,https://towardsdatascience.com/time-series-clustering-and-dimensionality-reduction-5b3b4e84f6a3
2,2,MWA4,TRUE,2,https://www.researchgate.net/publication/329424523_A_Review_on_Time_Series_Dimensionality_Reduction
3,7,MWA4,FALSE,-1,https://stats.stackexchange.com/questions/82291/time-series-dimensionality-reduction
4,-1,MWA4,FALSE,-1,https://ins.uni-bonn.de/media/public/publication-media/vavid_wind.pdf?pk=663
5,-1,MWA4,TRUE,4,https://www.ncbi.nlm.nih.gov/pmc/articles/PMC2390719/
6,-1,MWA4,FALSE,-1,https://www.cs.ucr.edu/~eamonn/pakdd200_keogh.pdf
7,-1,MWA4,TRUE,6,https://arxiv.org/abs/1406.3711
8,-1,MWA4,TRUE,5,https://link.springer.com/article/10.1007/s00371-019-01673-y
9,-1,MWA4,TRUE,7,https://link.springer.com/chapter/10.1007/978-3-030-20205-7_21
10,-1,MWA4,TRUE,8,https://forecasters.org/wp-content/uploads/gravity_forms/7-2a51b93047891f1ec3608bdbd77ca58d/2013/07/Widodo_Agus_ISF2013.pdf
-1,3,MWA4,TRUE,1,https://www.sciencedirect.com/science/article/pii/S0020025513007743
-1,4,MWA4,FALSE,-1,https://www.researchgate.net/publication/295812903_Dimensionality_reduction_in_time_series
-1,5,MWA4,FALSE,-1,https://stats.stackexchange.com/questions/220660/dimensionality-reduction-for-multivariate-time-series
-1,6,MWA4,TRUE,10,https://papers.nips.cc/paper/2018/file/d25414405eb37dae1c14b18d6a2cac34-Paper.pdf
-1,8,MWA4,TRUE,9,https://www.sciencedirect.com/science/article/abs/pii/S0925231219315632
-1,9,MWA4,FALSE,-1,https://machinelearningmastery.com/dimensionality-reduction-for-machine-learning/
-1,10,MWA4,TRUE,11,https://en.wikipedia.org/wiki/Nonlinear_dimensionality_reduction#Uniform_manifold_approximation_and_projection
1,-1,MWA5,TRUE,1,https://www.researchgate.net/publication/309035209_Overview_of_the_CPS_for_Smart_Factories_Project_Deep_Learning_Knowledge_Acquisition_Anomaly_Detection_and_Intelligent_User_Interfaces
2,3,MWA5,FALSE,6,https://ieee-dataport.org/documents/development-industrial-iot-system-anomaly-detection-smart-factory
3,-1,MWA5,FALSE,-1,http://www.dfki.de/~sonntag/cps7.pdf
4,-1,MWA5,FALSE,-1,https://link.springer.com/chapter/10.1007/978-981-13-5907-1_44
5,-1,MWA5,FALSE,-1,http://icentic.com/smart-factory/
6,-1,MWA5,FALSE,-1,https://www.bigdataworldasia.com/conference-programme-2019/applied-anomaly-detection-in-industry-40-smart-factory
7,-1,MWA5,TRUE,2,https://www.springerprofessional.de/en/autoencoder-based-on-anomaly-detection-with-intrusion-scoring-fo/17634314
8,-1,MWA5,FALSE,-1,https://www.uptake.com/industry-solutions/manufacturing
9,-1,MWA5,TRUE,3,https://www.koreascience.or.kr/article/JAKO201814446221619.page
10,-1,MWA5,TRUE,4,https://ieeexplore.ieee.org/document/9211978
-1,1,MWA5,FALSE,-1,https://factorywiz.com/?www_factorywiz_com&msclkid=a1a6eee2f80718ec0708b14ee74766ba
-1,2,MWA5,TRUE,5,https://www.thesunflowerlab.com/blog/the-essential-guide-to-anomaly-detection-in-smart-connected-assets-for-smart-manufacturing/
-1,4,MWA5,TRUE,-1,https://sg.nec.com/en_SG/solutions/smart-manufacturing/siat.html
-1,5,MWA5,TRUE,-1,https://azure.microsoft.com/en-us/services/cognitive-services/anomaly-detector/
-1,6,MWA5,TRUE,6,https://www.researchgate.net/publication/330576872_An_IoT_data_anomaly_response_model_for_smart_factory_performance_measurement
-1,7,MWA5,TRUE,7,https://www.researchgate.net/publication/313456175_Big-data-driven_anomaly_detection_in_industry_40_An_approach_and_a_case_study
-1,8,MWA5,FALSE,-1,https://towardsdatascience.com/anomaly-detection-with-autoencoder-b4cdce4866a6
-1,9,MWA5,FALSE,-1,https://smartfactory.ie/solutions/
-1,10,MWA5,FALSE,-1,https://towardsdatascience.com/anomaly-detection-in-mobile-sensor-data-48ef62d0f7fc
1,-1,MWC1,TRUE,7,https://www.researchgate.net/publication/48166584_Experimental_Comparison_of_Representation_Methods_and_Distance_Measures_for_Time_Series_Data
2,-1,MWC1,TRUE,6,https://www.ifi.uzh.ch/dam/jcr:c8b7bad5-80a1-47d3-a06c-ed8248018a47/time_series_comparison_2012.pdf
3,-1,MWC1,TRUE,15,http://users.ece.northwestern.edu/~hdi117/tsim.htm
4,-1,MWC1,TRUE,1,https://www.cs.ucr.edu/~eamonn/kdd98.pdf
5,-1,MWC1,TRUE,11,https://www.cs.ucr.edu/~eamonn/Data_Mining_Journal_Keogh.pdf
6,-1,MWC1,TRUE,2,https://ieeexplore.ieee.org/stamp/stamp.jsp?arnumber=8076822
7,-1,MWC1,TRUE,3,http://www.vldb.org/pvldb/vol12/p1762-paparrizos.pdf
8,-1,MWC1,TRUE,4,https://www.aaai.org/Papers/KDD/1998/KDD98-041.pdf
9,-1,MWC1,TRUE,13,https://pdf.sciencedirectassets.com/277348/1-s2.0-S1875389212X00063/1-s2.0-S1875389212006219/main.pdf
10,-1,MWC1,TRUE,14,https://github.com/junyoung-jamong/TimeSeries_CNN_Classification_Using_Grid_Representation
-1,1,MWC1,TRUE,5,https://www.sciencedirect.com/science/article/abs/pii/S0167865518308985
-1,2,MWC1,TRUE,18,https://rdrr.io/cran/TSdist/man/TSdist-package.html
-1,3,MWC1,TRUE,8,https://link.springer.com/chapter/10.1007/978-3-540-71703-4_51
-1,4,MWC1,TRUE,12,https://www.researchgate.net/publication/232640334_Clustering_Multimedia_Data_Using_Time_Series_PDF
-1,5,MWC1,TRUE,9,http://alumni.cs.ucr.edu/~mueen/pdf/Logical-Shapelet.pdf
-1,6,MWC1,TRUE,10,https://www.sciencedirect.com/science/article/abs/pii/S0031320318304473
-1,7,MWC1,TRUE,19,https://arxiv.org/pdf/2002.05784v1.pdf
-1,8,MWC1,TRUE,17,https://www.cs.ucr.edu/~eamonn/shaplet.pdf
-1,9,MWC1,TRUE,16,https://annals-csis.org/Volume_5/pliks/420.pdf
-1,10,MWC1,TRUE,20,https://www.researchgate.net/publication/220538811_Querying_and_mining_of_time_series_data_Experimental_comparison_of_representations_and_distance_measures
1,-1,MWC2,TRUE,1,https://www.researchgate.net/publication/336419832_Time_Series_Classification_in_Cyber-Physical_System_Applications_by_Intervals%27_Numbers_Techniques
2,-1,MWC2,TRUE,8,http://www.scielo.br/scielo.php?script=sci_arttext&pid=S2318-03312018000100224
3,-1,MWC2,TRUE,3,https://papers.nips.cc/paper/2018/file/b197ffdef2ddc3308584dce7afa3661b-Paper.pdf
4,-1,MWC2,TRUE,4,https://www.ijcai.org/Proceedings/2018/0476.pdf
5,-1,MWC2,TRUE,2,https://github.com/mmalekzadeh/replacement-autoencoder
6,-1,MWC2,TRUE,7,https://www.jstor.org/stable/4615819?seq=1
7,-1,MWC2,FALSE,-1,https://books.google.co.il/books?id=M0U8e-_q564C&pg=PT107&lpg=PT107&dq=((%22physical+system%22OR%22sensory+data%22)AND(%22time+series%22))+-supervised&source=bl&ots=0BNEX-x7ab&sig=ACfU3U3sXqmU9V_9kFacnEfbvNDvy_9wIg&hl=en&sa=X&ved=2ahUKEwik8L-lkPvsAhX0aRUIHab5BE8Q6AEwBnoECAEQAg#v=onepage&q=((%22physical%20system%22OR%22sensory%20data%22)AND(%22time%20series%22))%20-supervised&f=false
8,-1,MWC2,FALSE,-1,https://books.google.co.il/books?id=rKWd2fo_lvQC&pg=PA373&lpg=PA373&dq=((%22physical+system%22OR%22sensory+data%22)AND(%22time+series%22))+-supervised&source=bl&ots=mKlm-3UCY8&sig=ACfU3U2ANsJc4dhek6IVRTfnO63Ct56FJA&hl=en&sa=X&ved=2ahUKEwik8L-lkPvsAhX0aRUIHab5BE8Q6AEwB3oECAgQAg#v=onepage&q=((%22physical%20system%22OR%22sensory%20data%22)AND(%22time%20series%22))%20-supervised&f=false
9,-1,MWC2,FALSE,-1,https://books.google.co.il/books?id=VnDJDwAAQBAJ&pg=PA530&lpg=PA530&dq=((%22physical+system%22OR%22sensory+data%22)AND(%22time+series%22))+-supervised&source=bl&ots=ezlj0zG8a1&sig=ACfU3U3qusQZYEJe2qOQW_HJhTBla1l5AQ&hl=en&sa=X&ved=2ahUKEwik8L-lkPvsAhX0aRUIHab5BE8Q6AEwCHoECAkQAg#v=onepage&q=((%22physical%20system%22OR%22sensory%20data%22)AND(%22time%20series%22))%20-supervised&f=false
10,-1,MWC2,FALSE,-1,https://books.google.co.il/books?id=htjjCgAAQBAJ&pg=PA22&lpg=PA22&dq=((%22physical+system%22OR%22sensory+data%22)AND(%22time+series%22))+-supervised&source=bl&ots=Bmoff9bcd3&sig=ACfU3U0AGqzn5oLHl5KhQ6yKxUJO8UGCRQ&hl=en&sa=X&ved=2ahUKEwik8L-lkPvsAhX0aRUIHab5BE8Q6AEwCXoECAoQAg#v=onepage&q=((%22physical%20system%22OR%22sensory%20data%22)AND(%22time%20series%22))%20-supervised&f=false
-1,1,MWC2,FALSE,-1,https://www.mitpressjournals.org/doi/pdfplus/10.1162/neco.2010.01-09-941
-1,2,MWC2,FALSE,-1,https://www.researchgate.net/publication/41138389_Learning_the_Dynamical_System_Behind_Sensory_Data
-1,3,MWC2,FALSE,-1,https://arxiv.org/pdf/2005.13535v1.pdf
-1,4,MWC2,FALSE,-1,https://www.mdpi.com/2079-9292/8/9/941/pdf
-1,5,MWC2,FALSE,-1,https://deepai.org/publication/an-ambient-physical-system-to-infer-concentration-in-open-plan-workplace
-1,6,MWC2,FALSE,-1,https://www.researchgate.net/publication/221315859_On_Bounding_Data_Stream_Privacy_in_Distributed_Cyber-physical_Systems
-1,7,MWC2,FALSE,-1,https://www.sciencedirect.com/science/article/abs/pii/S221384631400025X
-1,8,MWC2,TRUE,5,https://www.sciencedirect.com/science/article/abs/pii/S1474034620301476
-1,9,MWC2,TRUE,6,http://papers.www2017.com.au.s3-website-ap-southeast-2.amazonaws.com/proceedings/p351.pdf
-1,10,MWC2,FALSE,-1,https://patents.google.com/patent/US20040176887A1/en
1,-1,MWC3,TRUE,3,https://bookdown.org/singh_pratap_tejendra/intro_time_series_r/time-series-data-pre-processing-and-visualization.html
2,-1,MWC3,TRUE,4,https://clauswilke.com/dataviz/time-series.html
3,-1,MWC3,TRUE,5,https://rpubs.com/tedding/long-term-time-series-forecasting
4,-1,MWC3,TRUE,1,https://www.researchgate.net/publication/340659455_A_Survey_of_Time_Series_Data_Visualization_Research
5,-1,MWC3,FALSE,-1,https://sites.google.com/site/sites/system/errors/SiteDisabledOwnerAccount
6,-1,MWC3,FALSE,-1,https://en.wikipedia.org/wiki/Data_visualization
7,-1,MWC3,FALSE,-1,https://dev.to/homam/time-series-visualization-173c
8,-1,MWC3,TRUE,7,https://arxiv.org/pdf/1410.7961.pdf
9,-1,MWC3,TRUE,9,https://wiki.q-researchsoftware.com/wiki/Visualization_-_Time_Series_Graph
10,-1,MWC3,TRUE,10,https://www.kaggle.com/onurhdogan/3d-visualization-of-time-series
-1,1,MWC3,TRUE,2,https://humansofdata.atlan.com/2016/11/visualizing-time-series-data/
-1,2,MWC3,FALSE,-1,https://towardsdatascience.com/what-are-the-important-principles-of-data-visualization-3d3ca6c8c303
-1,3,MWC3,TRUE,11,https://datascienceplus.com/time-series-visualizations-with-wind-turbine-energy-data-in-r/
-1,4,MWC3,TRUE,8,https://www.vshsolutions.com/blogs/time-series-data-visualization-in-python/
-1,5,MWC3,FALSE,-1,https://www.datacamp.com/courses/visualizing-time-series-data-in-python
-1,6,MWC3,FALSE,-1,https://www.quora.com/What-are-the-best-tools-for-visualization-time-series-data?share=1
-1,7,MWC3,TRUE,12,https://pandas.pydata.org/pandas-docs/stable/user_guide/visualization.html
-1,8,MWC3,TRUE,6,https://www.digitalocean.com/community/tutorials/a-guide-to-time-series-visualization-with-python-3
-1,9,MWC3,TRUE,13,https://medium.com/square-corner-blog/cube-time-series-visualization-ff3c4c46e5e7
-1,10,MWC3,FALSE,-1,https://blogs.library.duke.edu/data/2011/07/18/time-series-visualizations-in-arcgis-an-introduction/
1,6,MWC4,TRUE,9,https://towardsdatascience.com/unsupervised-learning-dimensionality-reduction-ddb4d55e0757
2,-1,MWC4,FALSE,-1,https://www.oreilly.com/library/view/hands-on-unsupervised-learning/9781492035633/ch04.html
3,-1,MWC4,TRUE,1,https://www.researchgate.net/publication/313020135_Unsupervised_Learning_Clustering_and_Dimensionality_Reduction
4,-1,MWC4,TRUE,8,http://citeseerx.ist.psu.edu/viewdoc/download?doi=10.1.1.153.9718&rep=rep1&type=pdf
5,-1,MWC4,TRUE,7,https://faculty.ucmerced.edu/mcarreira-perpinan/papers/cvpr08b.pdf
6,-1,MWC4,TRUE,5,https://jakevdp.github.io/PythonDataScienceHandbook/05.09-principal-component-analysis.html
7,-1,MWC4,TRUE,3,https://machinelearningmastery.com/dimensionality-reduction-algorithms-with-python/
8,-1,MWC4,TRUE,2,https://scipy-lectures.org/packages/scikit-learn/index.html
9,-1,MWC4,FALSE,-1,https://books.google.co.il/books?id=Vb21R9_rMNoC&pg=PA46&lpg=PA46&dq=((%22clustering%22OR%22dimensionality+reduction%22)AND(%22unsupervised%22))+-%22k-means%22&source=bl&ots=8ubi8ByGvw&sig=ACfU3U3TasdjREuUxhKE-erQQtKivDyv7g&hl=en&sa=X&ved=2ahUKEwi--LKzkPvsAhVNURUIHfNdC-kQ6AEwCHoECAEQAg#v=onepage&q=((%22clustering%22OR%22dimensionality%20reduction%22)AND(%22unsupervised%22))%20-%22k-means%22&f=false
10,-1,MWC4,TRUE,11,https://papers.nips.cc/paper/2019/file/fd0a5a5e367a0955d81278062ef37429-Paper.pdf
-1,1,MWC4,FALSE,-1,https://academy.smu.edu.sg/clustering-and-dimensionality-reduction-introduction-unsupervised-machine-learning-techniques-using
-1,2,MWC4,TRUE,12,https://blog.dataiku.com/dimensionality-reduction-how-it-works-in-plain-english
-1,3,MWC4,TRUE,10,https://towardsdatascience.com/time-series-clustering-and-dimensionality-reduction-5b3b4e84f6a3
-1,4,MWC4,TRUE,6,http://dataclustering.cse.msu.edu/papers/martin_law_thesis_compact.pdf
-1,5,MWC4,FALSE,-1,https://neurospace.io/blog/2020/10/what-is-unsupervised-learning/
-1,7,MWC4,TRUE,13,https://www.ijcai.org/Proceedings/15/Papers/551.pdf
-1,8,MWC4,TRUE,4,https://www.sciencedirect.com/science/article/abs/pii/S0031320320300959
-1,9,MWC4,TRUE,14,https://onlinelibrary.wiley.com/doi/10.1002/9781119092919.ch10
-1,10,MWC4,FALSE,-1,https://github.com/aapatel09/handson-unsupervised-learning
1,2,MWC5,TRUE,12,https://medium.com/voice-tech-podcast/expounding-dimensionality-reduction-using-pca-and-t-sne-db7ab3924ccd
2,-1,MWC5,TRUE,9,https://towardsdatascience.com/visualising-high-dimensional-datasets-using-pca-and-t-sne-in-python-8ef87e7915b
3,4,MWC5,TRUE,10,https://towardsdatascience.com/dimensionality-reduction-for-data-visualization-pca-vs-tsne-vs-umap-be4aa7b1cb29
4,7,MWC5,TRUE,2,https://www.kaggle.com/tilii7/dimensionality-reduction-pca-tsne
5,-1,MWC5,TRUE,5,https://exeter-data-analytics.github.io/MachineLearning/dimensionality-reduction.html
6,-1,MWC5,TRUE,3,https://www.whitman.edu/documents/Academics/Mathematics/2019/Sheng-Hundley.pdf
7,1,MWC5,TRUE,11,https://www.geeksforgeeks.org/difference-between-pca-vs-t-sne/
8,-1,MWC5,TRUE,8,https://www.tutorialspoint.com/scikit_learn/scikit_learn_dimensionality_reduction_using_pca.htm
9,-1,MWC5,TRUE,6,https://scipy-lectures.org/packages/scikit-learn/index.html
10,-1,MWC5,TRUE,1,https://mlcourse.ai/articles/topic7-unsupervised/
-1,3,MWC5,TRUE,4,https://medium.com/@TheDataGyan/dimensionality-reduction-with-pca-and-t-sne-in-r-2715683819
-1,5,MWC5,FALSE,-1,https://www.quora.com/What-is-the-difference-between-PCA-and-T-SNE?share=1
-1,6,MWC5,FALSE,-1,https://www.biostars.org/p/295174/
-1,8,MWC5,TRUE,7,https://pythonmachinelearning.pro/dimensionality-reduction/
-1,9,MWC5,FALSE,-1,https://www.quora.com/What-advantages-does-the-t-SNE-algorithm-have-over-PCA?share=1
-1,10,MWC5,FALSE,-1,https://quizlet.com/300364379/40-questions-to-test-a-data-scientist-on-dimensionality-reduction-techniques-flash-cards/